-- phpMyAdmin SQL Dump
-- version 5.1.1
-- https://www.phpmyadmin.net/
--
-- Servidor: 127.0.0.1:3306
-- Tiempo de generación: 19-01-2024 a las 13:03:48
-- Versión del servidor: 8.0.27
-- Versión de PHP: 7.4.26

SET SQL_MODE = "NO_AUTO_VALUE_ON_ZERO";
START TRANSACTION;
SET time_zone = "+00:00";


/*!40101 SET @OLD_CHARACTER_SET_CLIENT=@@CHARACTER_SET_CLIENT */;
/*!40101 SET @OLD_CHARACTER_SET_RESULTS=@@CHARACTER_SET_RESULTS */;
/*!40101 SET @OLD_COLLATION_CONNECTION=@@COLLATION_CONNECTION */;
/*!40101 SET NAMES utf8mb4 */;

--
-- Base de datos: `desis`
--

-- --------------------------------------------------------

--
-- Estructura de tabla para la tabla `candidatos`
--

DROP TABLE IF EXISTS `candidatos`;
CREATE TABLE IF NOT EXISTS `candidatos` (
  `id` int NOT NULL AUTO_INCREMENT,
  `nombre` varchar(254) NOT NULL,
  PRIMARY KEY (`id`)
) ENGINE=MyISAM AUTO_INCREMENT=5 DEFAULT CHARSET=utf8mb3;

--
-- Volcado de datos para la tabla `candidatos`
--

INSERT INTO `candidatos` (`id`, `nombre`) VALUES
(1, 'Candidato 1'),
(2, 'Candidato 2'),
(3, 'Candidato 3'),
(4, 'Candidato 4');

-- --------------------------------------------------------

--
-- Estructura de tabla para la tabla `comunas`
--

DROP TABLE IF EXISTS `comunas`;
CREATE TABLE IF NOT EXISTS `comunas` (
  `id` int NOT NULL AUTO_INCREMENT COMMENT 'ID único para la comuna',
  `region_id` int NOT NULL COMMENT 'ID de la región relacionada',
  `nombre` varchar(70) NOT NULL COMMENT 'Nombre de la comuna',
  `pais` int NOT NULL,
  PRIMARY KEY (`id`)
) ENGINE=MyISAM AUTO_INCREMENT=347 DEFAULT CHARSET=utf8mb3;

--
-- Volcado de datos para la tabla `comunas`
--

INSERT INTO `comunas` (`id`, `region_id`, `nombre`, `pais`) VALUES
(1, 1, 'Arica', 1),
(2, 1, 'Camarones', 1),
(3, 1, 'Putre', 1),
(4, 1, 'General Lagos', 1),
(5, 2, 'Iquique', 1),
(6, 2, 'Alto Hospicio', 1),
(7, 2, 'Pozo Almonte', 1),
(8, 2, 'Camiña', 1),
(9, 2, 'Colchane', 1),
(10, 2, 'Huara', 1),
(11, 2, 'Pica', 1),
(12, 3, 'Antofagasta', 1),
(13, 3, 'Mejillones', 1),
(14, 3, 'Sierra Gorda', 1),
(15, 3, 'Taltal', 1),
(16, 3, 'Calama', 1),
(17, 3, 'Ollagüe', 1),
(18, 3, 'San Pedro de Atacama', 1),
(19, 3, 'Tocopilla', 1),
(20, 3, 'María Elena', 1),
(21, 4, 'Copiapó', 1),
(22, 4, 'Caldera', 1),
(23, 4, 'Tierra Amarilla', 1),
(24, 4, 'Chañaral', 1),
(25, 4, 'Diego de Almagro', 1),
(26, 4, 'Vallenar', 1),
(27, 4, 'Alto del Carmen', 1),
(28, 4, 'Freirina', 1),
(29, 4, 'Huasco', 1),
(30, 5, 'La Serena', 1),
(31, 5, 'Coquimbo', 1),
(32, 5, 'Andacollo', 1),
(33, 5, 'La Higuera', 1),
(34, 5, 'Paihuano', 1),
(35, 5, 'Vicuña', 1),
(36, 5, 'Illapel', 1),
(37, 5, 'Canela', 1),
(38, 5, 'Los Vilos', 1),
(39, 5, 'Salamanca', 1),
(40, 5, 'Ovalle', 1),
(41, 5, 'Combarbalá', 1),
(42, 5, 'Monte Patria', 1),
(43, 5, 'Punitaqui', 1),
(44, 5, 'Río Hurtado', 1),
(45, 6, 'Valparaíso', 1),
(46, 6, 'Casablanca', 1),
(47, 6, 'Concón', 1),
(48, 6, 'Juan Fernández', 1),
(49, 6, 'Puchuncaví', 1),
(50, 6, 'Quintero', 1),
(51, 6, 'Viña del Mar', 1),
(52, 6, 'Isla de Pascua', 1),
(53, 6, 'Los Andes', 1),
(54, 6, 'Calle Larga', 1),
(55, 6, 'Rinconada', 1),
(56, 6, 'San Esteban', 1),
(57, 6, 'La Ligua', 1),
(58, 6, 'Cabildo', 1),
(59, 6, 'Papudo', 1),
(60, 6, 'Petorca', 1),
(61, 6, 'Zapallar', 1),
(62, 6, 'Quillota', 1),
(63, 6, 'La Calera', 1),
(64, 6, 'Hijuelas', 1),
(65, 6, 'La Cruz', 1),
(66, 6, 'Nogales', 1),
(67, 6, 'San Antonio', 1),
(68, 6, 'Algarrobo', 1),
(69, 6, 'Cartagena', 1),
(70, 6, 'El Quisco', 1),
(71, 6, 'El Tabo', 1),
(72, 6, 'Santo Domingo', 1),
(73, 6, 'San Felipe', 1),
(74, 6, 'Catemu', 1),
(75, 6, 'Llay-Llay', 1),
(76, 6, 'Panquehue', 1),
(77, 6, 'Putaendo', 1),
(78, 6, 'Santa María', 1),
(79, 6, 'Quilpué', 1),
(80, 6, 'Limache', 1),
(81, 6, 'Olmué', 1),
(82, 6, 'Villa Alemana', 1),
(83, 8, 'Rancagua', 1),
(84, 8, 'Codegua', 1),
(85, 8, 'Coinco', 1),
(86, 8, 'Coltauco', 1),
(87, 8, 'Doñihue', 1),
(88, 8, 'Graneros', 1),
(89, 8, 'Las Cabras', 1),
(90, 8, 'Machalí', 1),
(91, 8, 'Malloa', 1),
(92, 8, 'Mostazal', 1),
(93, 8, 'Olivar', 1),
(94, 8, 'Peumo', 1),
(95, 8, 'Pichidegua', 1),
(96, 8, 'Quinta de Tilcoco', 1),
(97, 8, 'Rengo', 1),
(98, 8, 'Requínoa', 1),
(99, 8, 'San Vicente', 1),
(100, 8, 'Pichilemu', 1),
(101, 8, 'La Estrella', 1),
(102, 8, 'Litueche', 1),
(103, 8, 'Marchihue', 1),
(104, 8, 'Navidad', 1),
(105, 8, 'Paredones', 1),
(106, 8, 'San Fernando', 1),
(107, 8, 'Chépica', 1),
(108, 8, 'Chimbarongo', 1),
(109, 8, 'Lolol', 1),
(110, 8, 'Nancagua', 1),
(111, 8, 'Palmilla', 1),
(112, 8, 'Peralillo', 1),
(113, 8, 'Placilla', 1),
(114, 8, 'Pumanque', 1),
(115, 8, 'Santa Cruz', 1),
(116, 9, 'Talca', 1),
(117, 9, 'Constitución', 1),
(118, 9, 'Curepto', 1),
(119, 9, 'Empedrado', 1),
(120, 9, 'Maule', 1),
(121, 9, 'Pelarco', 1),
(122, 9, 'Pencahue', 1),
(123, 9, 'Río Claro', 1),
(124, 9, 'San Clemente', 1),
(125, 9, 'San Rafael', 1),
(126, 9, 'Cauquenes', 1),
(127, 9, 'Chanco', 1),
(128, 9, 'Pelluhue', 1),
(129, 9, 'Curicó', 1),
(130, 9, 'Hualañé', 1),
(131, 9, 'Licantén', 1),
(132, 9, 'Molina', 1),
(133, 9, 'Rauco', 1),
(134, 9, 'Romeral', 1),
(135, 9, 'Sagrada Familia', 1),
(136, 9, 'Teno', 1),
(137, 9, 'Vichuquén', 1),
(138, 9, 'Linares', 1),
(139, 9, 'Colbún', 1),
(140, 9, 'Longaví', 1),
(141, 9, 'Parral', 1),
(142, 9, 'Retiro', 1),
(143, 9, 'San Javier', 1),
(144, 9, 'Villa Alegre', 1),
(145, 9, 'Yerbas Buenas', 1),
(146, 10, 'Chillán', 1),
(147, 10, 'Bulnes', 1),
(148, 10, 'Chillán Viejo', 1),
(149, 10, 'El Carmen', 1),
(150, 10, 'Pemuco', 1),
(151, 10, 'Pinto', 1),
(152, 10, 'Quillón', 1),
(153, 10, 'San Ignacio', 1),
(154, 10, 'Yungay', 1),
(155, 10, 'Quirihue', 1),
(156, 10, 'Cobquecura', 1),
(157, 10, 'Coelemu', 1),
(158, 10, 'Ninhue', 1),
(159, 10, 'Portezuelo', 1),
(160, 10, 'Ránquil', 1),
(161, 10, 'Treguaco', 1),
(162, 10, 'San Carlos', 1),
(163, 10, 'Coihueco', 1),
(164, 10, 'Ñiquén', 1),
(165, 10, 'San Fabián', 1),
(166, 10, 'San Nicolás', 1),
(167, 11, 'Concepción', 1),
(168, 11, 'Coronel', 1),
(169, 11, 'Chiguayante', 1),
(170, 11, 'Florida', 1),
(171, 11, 'Hualqui', 1),
(172, 11, 'Lota', 1),
(173, 11, 'Penco', 1),
(174, 11, 'San Pedro de La Paz', 1),
(175, 11, 'Santa Juana', 1),
(176, 11, 'Talcahuano', 1),
(177, 11, 'Tomé', 1),
(178, 11, 'Hualpén', 1),
(179, 11, 'Lebu', 1),
(180, 11, 'Arauco', 1),
(181, 11, 'Cañete', 1),
(182, 11, 'Contulmo', 1),
(183, 11, 'Curanilahue', 1),
(184, 11, 'Los Álamos', 1),
(185, 11, 'Tirúa', 1),
(186, 11, 'Los Ángeles', 1),
(187, 11, 'Antuco', 1),
(188, 11, 'Cabrero', 1),
(189, 11, 'Laja', 1),
(190, 11, 'Mulchén', 1),
(191, 11, 'Nacimiento', 1),
(192, 11, 'Negrete', 1),
(193, 11, 'Quilaco', 1),
(194, 11, 'Quilleco', 1),
(195, 11, 'San Rosendo', 1),
(196, 11, 'Santa Bárbara', 1),
(197, 11, 'Tucapel', 1),
(198, 11, 'Yumbel', 1),
(199, 11, 'Alto Biobío', 1),
(200, 12, 'Temuco', 1),
(201, 12, 'Carahue', 1),
(202, 12, 'Cunco', 1),
(203, 12, 'Curarrehue', 1),
(204, 12, 'Freire', 1),
(205, 12, 'Galvarino', 1),
(206, 12, 'Gorbea', 1),
(207, 12, 'Lautaro', 1),
(208, 12, 'Loncoche', 1),
(209, 12, 'Melipeuco', 1),
(210, 12, 'Nueva Imperial', 1),
(211, 12, 'Padre Las Casas', 1),
(212, 12, 'Perquenco', 1),
(213, 12, 'Pitrufquén', 1),
(214, 12, 'Pucón', 1),
(215, 12, 'Saavedra', 1),
(216, 12, 'Teodoro Schmidt', 1),
(217, 12, 'Toltén', 1),
(218, 12, 'Vilcún', 1),
(219, 12, 'Villarrica', 1),
(220, 12, 'Cholchol', 1),
(221, 12, 'Angol', 1),
(222, 12, 'Collipulli', 1),
(223, 12, 'Curacautín', 1),
(224, 12, 'Ercilla', 1),
(225, 12, 'Lonquimay', 1),
(226, 12, 'Los Sauces', 1),
(227, 12, 'Lumaco', 1),
(228, 12, 'Purén', 1),
(229, 12, 'Renaico', 1),
(230, 12, 'Traiguén', 1),
(231, 12, 'Victoria', 1),
(232, 13, 'Valdivia', 1),
(233, 13, 'Corral', 1),
(234, 13, 'Lanco', 1),
(235, 13, 'Los Lagos', 1),
(236, 13, 'Máfil', 1),
(237, 13, 'Mariquina', 1),
(238, 13, 'Paillaco', 1),
(239, 13, 'Panguipulli', 1),
(240, 13, 'La Unión', 1),
(241, 13, 'Futrono', 1),
(242, 13, 'Lago Ranco', 1),
(243, 13, 'Río Bueno', 1),
(244, 14, 'Puerto Montt', 1),
(245, 14, 'Calbuco', 1),
(246, 14, 'Cochamó', 1),
(247, 14, 'Fresia', 1),
(248, 14, 'Frutillar', 1),
(249, 14, 'Los Muermos', 1),
(250, 14, 'Llanquihue', 1),
(251, 14, 'Maullín', 1),
(252, 14, 'Puerto Varas', 1),
(253, 14, 'Castro', 1),
(254, 14, 'Ancud', 1),
(255, 14, 'Chonchi', 1),
(256, 14, 'Curaco de Vélez', 1),
(257, 14, 'Dalcahue', 1),
(258, 14, 'Puqueldón', 1),
(259, 14, 'Queilén', 1),
(260, 14, 'Quellón', 1),
(261, 14, 'Quemchi', 1),
(262, 14, 'Quinchao', 1),
(263, 14, 'Osorno', 1),
(264, 14, 'Puerto Octay', 1),
(265, 14, 'Purranque', 1),
(266, 14, 'Puyehue', 1),
(267, 14, 'Río Negro', 1),
(268, 14, 'San Juan de la Costa', 1),
(269, 14, 'San Pablo', 1),
(270, 14, 'Chaitén', 1),
(271, 14, 'Futaleufú', 1),
(272, 14, 'Hualaihué', 1),
(273, 14, 'Palena', 1),
(274, 15, 'Coyhaique', 1),
(275, 15, 'Lago Verde', 1),
(276, 15, 'Aysén', 1),
(277, 15, 'Cisnes', 1),
(278, 15, 'Guaitecas', 1),
(279, 15, 'Cochrane', 1),
(280, 15, 'O\'Higgins', 1),
(281, 15, 'Tortel', 1),
(282, 15, 'Chile Chico', 1),
(283, 15, 'Río Ibáñez', 1),
(284, 16, 'Punta Arenas', 1),
(285, 16, 'Laguna Blanca', 1),
(286, 16, 'Río Verde', 1),
(287, 16, 'San Gregorio', 1),
(288, 16, 'Cabo de Hornos', 1),
(289, 16, 'Antártica', 1),
(290, 16, 'Porvenir', 1),
(291, 16, 'Primavera', 1),
(292, 16, 'Timaukel', 1),
(293, 16, 'Natales', 1),
(294, 16, 'Torres del Paine', 1),
(295, 7, 'Santiago', 1),
(296, 7, 'Cerrillos', 1),
(297, 7, 'Cerro Navia', 1),
(298, 7, 'Conchalí', 1),
(299, 7, 'El Bosque', 1),
(300, 7, 'Estación Central', 1),
(301, 7, 'Huechuraba', 1),
(302, 7, 'Independencia', 1),
(303, 7, 'La Cisterna', 1),
(304, 7, 'La Florida', 1),
(305, 7, 'La Granja', 1),
(306, 7, 'La Pintana', 1),
(307, 7, 'La Reina', 1),
(308, 7, 'Las Condes', 1),
(309, 7, 'Lo Barnechea', 1),
(310, 7, 'Lo Espejo', 1),
(311, 7, 'Lo Prado', 1),
(312, 7, 'Macul', 1),
(313, 7, 'Maipú', 1),
(314, 7, 'Ñuñoa', 1),
(315, 7, 'Pedro Aguirre Cerda', 1),
(316, 7, 'Peñalolén', 1),
(317, 7, 'Providencia', 1),
(318, 7, 'Pudahuel', 1),
(319, 7, 'Quilicura', 1),
(320, 7, 'Quinta Normal', 1),
(321, 7, 'Recoleta', 1),
(322, 7, 'Renca', 1),
(323, 7, 'San Joaquín', 1),
(324, 7, 'San Miguel', 1),
(325, 7, 'San Ramón', 1),
(326, 7, 'Vitacura', 1),
(327, 7, 'Puente Alto', 1),
(328, 7, 'Pirque', 1),
(329, 7, 'San José de Maipo', 1),
(330, 7, 'Colina', 1),
(331, 7, 'Lampa', 1),
(332, 7, 'Til Til', 1),
(333, 7, 'San Bernardo', 1),
(334, 7, 'Buin', 1),
(335, 7, 'Calera de Tango', 1),
(336, 7, 'Paine', 1),
(337, 7, 'Melipilla', 1),
(338, 7, 'Alhué', 1),
(339, 7, 'Curacaví', 1),
(340, 7, 'María Pinto', 1),
(341, 7, 'San Pedro', 1),
(342, 7, 'Talagante', 1),
(343, 7, 'El Monte', 1),
(344, 7, 'Isla de Maipo', 1),
(345, 7, 'Padre Hurtado', 1),
(346, 7, 'Peñaflor', 1);

-- --------------------------------------------------------

--
-- Estructura de tabla para la tabla `regiones`
--

DROP TABLE IF EXISTS `regiones`;
CREATE TABLE IF NOT EXISTS `regiones` (
  `id` int NOT NULL AUTO_INCREMENT COMMENT 'ID único de la región',
  `nombre` varchar(70) CHARACTER SET utf8 COLLATE utf8_general_ci NOT NULL COMMENT 'Nombre de la región',
  PRIMARY KEY (`id`)
) ENGINE=MyISAM AUTO_INCREMENT=17 DEFAULT CHARSET=utf8mb3;

--
-- Volcado de datos para la tabla `regiones`
--

INSERT INTO `regiones` (`id`, `nombre`) VALUES
(12, 'Región de La Araucanía'),
(11, 'Región del Biobío'),
(10, 'Región de Ñuble'),
(9, 'Región del Maule'),
(8, 'Región del Libertador General Bernardo O\'Higgins'),
(7, 'Región Metropolitana de Santiago'),
(6, 'Región de Valparaíso'),
(5, 'Región de Coquimbo'),
(4, 'Región de Atacama'),
(3, 'Región de Antofagasta'),
(2, 'Región de Tarapacá'),
(1, 'Región de Arica y Parinacota'),
(13, 'Región de Los Ríos'),
(14, 'Región de Los Lagos'),
(15, 'Región Aysén del General Carlos Ibáñez del Campo'),
(16, 'Región de Magallanes y de la Antártica Chilena');

-- --------------------------------------------------------

--
-- Estructura de tabla para la tabla `votos`
--

DROP TABLE IF EXISTS `votos`;
CREATE TABLE IF NOT EXISTS `votos` (
  `id` int NOT NULL AUTO_INCREMENT,
  `nombre` varchar(254) NOT NULL,
  `alias` varchar(254) NOT NULL,
  `rut` varchar(10) NOT NULL,
  `email` varchar(150) NOT NULL,
  `region` int NOT NULL,
  `comuna` int NOT NULL,
  `candidato` int NOT NULL,
  `web` tinyint DEFAULT NULL,
  `tv` tinyint DEFAULT NULL,
  `redes` tinyint DEFAULT NULL,
  `amigo` tinyint DEFAULT NULL,
  PRIMARY KEY (`id`)
) ENGINE=MyISAM DEFAULT CHARSET=utf8mb3;
COMMIT;

/*!40101 SET CHARACTER_SET_CLIENT=@OLD_CHARACTER_SET_CLIENT */;
/*!40101 SET CHARACTER_SET_RESULTS=@OLD_CHARACTER_SET_RESULTS */;
/*!40101 SET COLLATION_CONNECTION=@OLD_COLLATION_CONNECTION */;
